product_name,brand,category,targets,key_ingredients,full_ingredients,suitable_for_skin_type,price_pkr,where_to_buy,product_url,notes,image_url
Tea Tree & Neem Face Wash,Conatural,cleanser,acne,tea tree oil,"Water ,Sodium Laureth Sulfate ,Cocamidopropyl Betaine ,Glycerin, Tea Tree Oil ,Aloe Barbadensis Leaf Juice, Panthenol, Citric Acid, Phenoxyethanol","oily,combination",480,Conatural website,https://conaturalintl.com/products/neem-and-tea-tree-face-wash?variant=42229307605179,natural option,https://conaturalintl.com/cdn/shop/files/tea_tree_face_wash_1024x1024.jpg?v=1757336875
MendelAC Facewash,Jenpharm,cleanser,"acne,dark_spots","mandelic acid, aloe vera extract, cocamidopropyl betaine","3% Mandelic Acid,Aloe Vera Extract,Cocamidopropyl Betaine,Deionized Water, Disodium EDTA, Glycerin, Propylene Glycol, Decyl Glucoside, Xanthan Gum, Cocamidopropyl Betaine, Polyacrylamide, Polyquaternium-11, Gelidium Corneum Beads, Mandelic Acid, Aloe Vera Extract, Phenoxyethanol, Caprylyl Glycol, Fragrance.",oily,1098,Jenpharm Website,https://jenpharm.com/products/mandelac-facewash?srsltid=AfmBOopGaARlPPqcQfoWZA7Aykg1ly_7j_wJqz-RE-TKrx256t8Pq-Ns&variant=46770775294250,,https://sehatmedi.com/cdn/shop/files/MandelACantiacneFacewash.webp?v=1758871727
Salicylic acid cleanser,AccuFixCosmetics,cleanser,acne,"salicylic acid, glycolic acid, grapeseed oil, honey ","Aqua, Cocoamidopropyl Betaine, Vitis Vinifera Seed Oil, Olus Oil, Glycerol, Sodium Laureth Sulfate, Glycolic Acid, Cetearyl Alcohol, Peg-20 Stearate, Salicylic Acid, Honey, Ricinus Communis Seed Oil, Tocopherol, Xanthan Gum, Sodium Benzoate, Phenoxyethanol",all,1575,AccuFixCosmetics Website,https://accufixcosmetics.com/products/salicylic-acid-cleanser?srsltid=AfmBOooN5fVIIkBAbVoNiLz1js-pVczg-V2EGt0N_CNUWeP2AaEEnwa7,active treatment,https://accufixcosmetics.com/cdn/shop/files/SA_cleanser.jpg?v=1744287737&width=1024
Hydrating Gentle daily cleanser,AccuFixCosmetics,cleanser,normal_skin,"Colloidal oats, green tea extract, allantoin, glycerin","Aqua, Glycerin, Cocamidopropyl Betaine, Capric/Caprylic Triglycerides, Decyl Glucoside, Cetearyl Alcohol, Sodium Cocoyl Isethionate, Lauryl Glucoside, Ceteareth-20, Allantoin, Xanthan Gum, Colloidal Oats, Camellia Sinensis Leaf Extract, Lactic Acid, Phenoxyethanol, Sodium Benzoate",all,1575,AccuFixCosmetics Website,https://accufixcosmetics.com/products/hydrating-gentle-daily-cleanser?srsltid=AfmBOoqVCc0Ycs61Y3PiQcc7Z6Wk9_-SNR213IzofZjkrJ64hZzgGUT1,low PH,https://accufixcosmetics.com/cdn/shop/files/Hydrating_FW.jpg?v=1744287532&width=1024
Maxdif Facewash,Jenpharm,cleanser,hyperpigmentation,"glutathione, niacinamide, vitamin C","Deionized Water, Disodium EDTA, Glycerin, Carbomer, Ammonium Lauryl Ether Sulphate, Cocamidopropyl Betaine, Cocamide Diethanolamine, C10-30 Alkyl Acrylates Crosspolymer, Microcrystalline Cellulose, Hydroxypropyl Methyl Cellulose, Alkyl Polyglucoside, Myristic Acid, Allantoin, Sodium Lactate, Glutathione, 3-Pyridinecarboxamide, Sodium Ascorbyl Phosphate, Chamomile Extract, Licorice Root Extract, Citric Acid, Phenoxyethanol, Caprylyl Glycol, Coloring Agents, Fragrance.",all,1098,Jenpharm Website,https://jenpharm.com/products/maxdif-skin-brightening-facewash?_pos=2&_sid=05bec7929&_ss=r&variant=46770735644970,Brightening,https://jenpharm.com/cdn/shop/files/1_d751f3ae-6552-40ed-8d81-6a202f8a0bd8.jpg?v=1767272055
DermiVe wash,Jenpharm,cleanser,redness,"hyaluronic acid, ceramides","Deionized Water, Disodium EDTA, Glycerin, Propylene Glycol, Butylene Glycol, Carbomer, Xanthan Gum, Decyl Glucoside, Hexadecan-1-ol, Mixture of Hexa and Octadecan-1-ol, Glyceryl Stearate (and) PEG 100 Stearate, Aloe Vera Extract, Ceramide NP, Ceramide AP, Ceramide EOP, Sodium Hyaluronate (Salt of Hyaluronic Acid), Sodium Pyroglutamate, Zinc PCA, Wheat Germ Oil (As Contained Natural Vitamin E), Sodium Citrate, Citric Acid, Triethanolamine, Phenoxyethanol, Caprylyl Glycol.","dry,sensitive",1078,Jenpharm Website,https://jenpharm.com/products/dermive-moisturizing-wash?_pos=12&_sid=05bec7929&_ss=r&variant=46770715656490,"Medical grade, Local, Soap-free",https://jenpharm.com/cdn/shop/files/1_1_1.jpg?v=1767271760
Calming cleanser,Possible skin,cleanser,redness,"Centella, Oat Extract","Aqua, Glycerin, Proplylene glycol, Sodium lauryl sarcosinate, Licorice Extract, Decyl glucoside, Cocamida- propylbetain, Xanthan gum, Panthenol, Sodium Hyaluronate, Carbomer, Citric Acid, Disodium EDTA, Ethylhexylglycerin.",all,1350,Buipossible Website,https://buipossible.com/products/calming-cleanser,Non-stripping,https://buipossible.com/cdn/shop/files/IMG-2386.jpg?v=1772007353&width=990
Bacno clarifying foaming gel cleanser,Syoss skin sciences,cleanser,"acne,dark_spots","LHA (Capryloyl Salicylic Acid), Salicylic Acid (BHA), Mandelic Acid (AHA), Niacinamide, Vitamin E","Capryloyl Salicylic Acid (LHA), Salicylic Acid (BHA), Mandelic Acid (AHA), Niacinamide, and Vitamin E","oily,sensitive",1500,Syoss skin sciences Website,https://syossskinsciences.com/products/bacno-clarifying-foaming-gel-cleanser,,https://syossskinsciences.com/cdn/shop/files/BacnoShop1.png?v=1734807396
Bubbles with benefit,Fundamentals,cleanser,acne,"citric acid, gycolic acid, glycerin","Aqua, Glycolic Acid 2%, Citric Acid 0.7%, Nicotinamide, EDTA, Glycerine, Phenoxyethanol, Sodium Chloride, Carbomer, Sodium Hydroxide, Acrylates Copolymer, Sodium Cocoyl Isethionate, Cocamido propyl betaine,  Cocamide Monoethanolamine, Kiwi Extract. ",all,899,Fundamentals Website,https://befundamentals.com/products/bubbles-with-benefit-glycolic-gel-cleanser?srsltid=AfmBOoq9EHU3WyWxrDNpY8-IUaJQC7b2e1W-4Idogf1yXixXx1Dw5TWN,,https://www.makeupcityshop.com/cdn/shop/files/20245016.jpg?v=1741456032
Metafil gentle skin cleanser,Metafil,cleanser,normal_skin,"Cetyl Alchohol, Propylene Glycol, Sodium lauryl Sulphate","Aqua, Cetyl Alchohol, Propylene Glycol, Sodium lauryl Sulphate, Stearyl Alcohol, Polysorbate 20, Methyl Paraben, Propyl Paraben, Butyl Paraben","dry,sensitive",1050,Mazton website/pharmacy,https://shopmazton.com/products/metafil-gentle-skin-cleanser?gad_source=1&gad_campaignid=23634841617&gbraid=0AAAAAC5hhTjCiUXiYuux-hqKruxhatUA2&gclid=CjwKCAjwjtTNBhB0EiwAuswYhuW0wZKBHev9KFWgRtt1Zlbpg7M_Wuo73VVKilO3UUeICV4Lwq9wNRoCenoQAvD_BwE,"non-comedogenic, PH balance, fragrance free",https://encrypted-tbn0.gstatic.com/images?q=tbn:ANd9GcSgCvoAY83i8lpacbmp4aBgbLzTjkRIWPiscA&s
BHA Aloe Jelly Cleanser,Primary,cleanser,"acne,redness","Salicylic acid, aloe vera, glycerin","Aqua, Decyl Glucoside, Glycerin, Aloe Barbadensis Leaf Juice, Pentylene Glycol, Coco-Glucoside, Salicylic Acid, Cocamidopropyl Betaine, Camellia Sinensis Leaf Extract, Ethylhexylglycerin (and) Phenoxyethanol, Xanthan Gum, Cyamopsis Tetragonoloba Gum, Sodium Hydroxide",all,1950,Primary website,https://primaryskin.co/products/bha-aloe-jelly-cleanser,Soothing but exfoliating,https://primaryskin.co/cdn/shop/files/IMG_6102.jpg?v=1753778776&width=2823
Bioderma Photoderm SPF50,Bioderma,sunscreen,"melasma,hyperpigmentation",SPF50 + cellular bioprotection,Water | Titanium Dioxide | Zinc Oxide | Glycerin | Dimethicone | Sodium Hyaluronate | Mannitol | Xylitol | Rhamnose | Phenoxyethanol,sensitive,4500,pharmacy/Daraz,https://www.daraz.pk/products/bioderma-photoderm-aqua-fluid-40ml-with-spf-50-invisible-lightweight-advanced-sun-protection-anti-aging-i1349167.html,for sensitive skin,https://static-01.daraz.pk/p/de90105a09b1f283a01b776680bf6f7e.jpg
Daily defence sunscreen,Organic Lab,sunscreen,normal_skin,"SPF 50+, niacinamide, vitamin E, squalane","Aqua (Water), Titanium Dioxide (and) Oleth-10 (and) Isodeceth-6 (and) Aluminum Stearate (and) Alumina (and) Simethicone, Ethylhexyl Salicylate, Bis-Ethylhexyloxyphenol Methoxyphenyl Triazine, Diethylamino Hydroxybenzoyl Hexyl Benzoate, 1,3-Propanediol, Propylene Glycol, Niacinamide, Isododecane, Isononyl Isononanoate, C12-15 Alkyl Benzoate, PEG-10 Dimethicone, Polymethylsilsesquioxane, Methyl Methacrylate Crosspolymer, Cetearyl Alcohol, Ceteth-20 Phosphate, Dicetyl Phosphate, Cyclopentasiloxane, Phenoxyethanol, Tocopheryl Acetate, Cetyl Dimethicone, Propylene Glycol Dicaprylate/Dicaprate, Olive Squalane, Allantoin, Aluminum Starch Octenylsuccinate, Ethylhexylglycerin, Polyacrylate Crosspolymer-6, Acrylic Polymer, Disodium EDTA, Sodium Hyaluronate, Acrylates/C10-30 Alkyl Acrylate Crosspolymer, Citric Acid, Triethanolamine.",all,2200,Organic Lab website,https://organiclabpk.com/products/hybrid-sunscreen-spf-50-pakistan-daily-defence?srsltid=AfmBOoqQVl6X-uJlLjYumrJY819-pSPyx7z18EqoZTTzyJ1xc0kLjbQb,lightweight and non-greasy,https://organiclabpk.com/cdn/shop/files/5_1.png?v=1760104632&width=1445
Sun solution,Possible,sunscreen,normal_skin,Physical & Chemical Filters,"Aqua, Aloe barbadensis leaf juice, Glycerin, Hyaluronic Acid, Cyclopentasiloxane, Octyl Methoxycinnamate, Zinc Oxide, Titanium Dioxide, Octocrylene, Propylene Glycol, Tocopheryl Acetate, Cetyl Alcohol, Sodium Benzoate, Potassium Sorbate, Polysorbate 20.",all,1500,Buipossible Website,https://buipossible.com/products/sun-solution,no white cast,https://buipossible.com/cdn/shop/files/IMG-2385.jpg?v=1772007307
Sun of a beach,Hira ali beauty,sunscreen,hyperpigmentation,"Vitamin E, hyaluronic acid","Aqua, Homosalate, Octocrylene, Sulisobenzone, Avobenzone, Jojoba Oil, Glycerin, Polysorbate 60, PEG-40 Hydrogenated Castor Oil, Lecithin, Sodium Hyaluronate, Xanthan Gum, Tocopherol Acetate (Vitamin E), EDTA, Ethyl Hexyl Glycerin, Phenoxyethanol, Essence.",all,1850,Hira Ali beauty website,https://hiraali.com/products/sun-of-a-beach?srsltid=AfmBOopNJxwG53Lg-r9WM7svWZtm4sQw2YcOnxc1E_Ortp1_Aubq1iGV,no white cast,https://hiraali.com/cdn/shop/files/27_de157a36-8252-4ee5-b25e-71c0a160273e.jpg?v=1773236972&width=1200
Sun Protection SPF 45++,what a vitamin,sunscreen,normal_skin,"Water, Niacinamide, Glycerin, Avobenzone, Homosalate, Octocrylene, Octyl Salicylate, Propylene Glycol, Vitamin E","Water, Carbopol, glycerin, Niacinamide, Propylene Glycol, Avobenzone 3%, Homosylate 10%, Octocrylene 10%, Octyl salisylate 5%, polysorbate, sorbitan sesquioleate, phenonip, alpha tocopherol.",all,1799,what a vitamin website,https://whatavitamin.com/products/sun-protection-spf-45?_pos=1&_sid=783a3d501&_ss=r,,https://whatavitamin.com/cdn/shop/files/Wav_pictures_7.jpg?v=1757047529&width=1445
Spectra Matt SC SPF 40 PA+++,Jenpharm,sunscreen,normal_skin,"Dimethicone Crosspolymer, Tinosorb S, Uvinul A+","Dimethicone Crosspolymer, Ethylhexyl Methoxycinnamate, Bis-Ethylhexyloxyphenol, Methoxyphenyl Triazine (Tinosorb S), Diethylamino Hydroxybenzoyl Hexyl Benzoate (Uvinul A+).","oily,sensitive",1990,jenpharm website,https://jenpharm.com/products/spectra-matt?_pos=4&_sid=4d4c1e0aa&_ss=r&variant=46770610995498,,https://jenpharm.com/cdn/shop/files/1_dbd6daf3-6319-4575-a527-fc6b4f8e318b.jpg?v=1767272372
BFF SPF 65 Centella Soothing Sun Milk,primary,sunscreen,"acne,hyperpigmentation"," Glycerin, jojoba oil","Water, Neowax FL 65 (Glyceryl Stearate, PEG-100 Stearate), Octinoxate, Solaveil CT 300 (Caprylic/Capric Triglyceride, Titanium Dioxide, Polyhydroxystearic Acid, Aluminum Stearate, Alumina), Tinosorb S, Glycerin, Uvinul A, Caprylic Capric Tryglicerides, Dicaprylyl carbonate, Avobenzone, Centella Asiatica extract, Propylene glycol, Liquorice root extract, Simondsia chinensis oil (jojoba oil), Phenoxyethanol, Ethylhexylglycerin, Aloe barbadensis extract, Panthenol, Cetyl alcohol, Tocopherol acetate, Pemulen TR-1 (Acrylates/C10-30 Alkyl Acrylate Crosspolymer), Triethanolamine.",all,2200,primary website,https://primaryskin.co/products/bff-spf-65-centella-soothing-sun-milk,non greasy,https://primaryskin.co/cdn/shop/files/1C278342-2160-4824-8F6A-95B6EBCFB3AC.jpg?v=1710931667&width=1200
Melt in hydrating sunscreen,Klean beauty,sunscreen,hyperpigmentation,"Vitamin E, Alpha arbutin","Aqua (Deionized Water), Glycereth-26, Zinc Oxide (Microfine, Coated with Silica & Dimethicone), Titanium Dioxide (Nano-Coated with Alumina & Stearic Acid), Octyl Methoxycinnamate, Octyl Salicylate, Homosalate, Octocrylene, Sodium Benzotriazolyl Butylphenol Sulfonate, Alpha-Arbutin Phosphate, Sodium Ascorbyl Phosphate, Tocopheryl Glucoside, Cyclohexasiloxane, Cetyl Alcohol, Aloe Vera Extract, Acrylates/C12-22 Alkyl Acrylate Crosspolymer, Styrene/Acrylates Copolymer, Acrylates/Dimethiconol Copolymer, Ceteareth-20, Xanthan Gum Crosspolymer, Tetrasodium Glutamate Diacetate, Triethanolamine, Phenoxyethanol, Caprylhydroxamic Acid, Butylated Hydroxyanisole (BHA), Iron Oxides",all,950,klean beauty website,https://kleanbeauty.co/products/melt-in-hydrating-sunscreen?gad_source=1&gad_campaignid=22064025995&gbraid=0AAAAAobVbubKjPzqa6WB5_GGNfOQr8fFP&gclid=CjwKCAjwjtTNBhB0EiwAuswYhiJBV8xt43XbtrOO2IzPibBlKpowfxbVUsZ8FQJgB2zdm0uE5qHfrxoCIF0QAvD_BwE,no white cast,https://kleanbeauty.co/cdn/shop/files/klean_products_89.jpg?v=1757411268&width=1445
Screen UV60 with aloe vera,Fused,sunscreen,normal_skin,"Aloe Vera, UV Filters","Titanium Dioxide (15%), Butyl Methoxydibenzoyl, Zinc Oxide (10%), Octyl Methoxycinnamate (5%), Aloe Vera, Micronized SPF Booster, Avobenzone (3%), Benzophenone (5%).","oily,sensitive",1500,fused website,https://www.fused.pk/products/screen-uv60-with-aloe-vera,"no white cast, matte finish",https://www.fused.pk/cdn/shop/files/product_catalogue_screen_uv_unit_ba342636-9551-479c-b9bc-c27fe770a36c.jpg?v=1731632873
Neobrella Sunblock Cream SPF 60 PA+++,Neobrella,sunscreen,normal_skin,"Water, Octyl Methoxycinnamate, Titanium Dioxide, Zinc Oxide, Avobenzone, Benzophenone-3, Glycerin, Aloe Vera, UV Filters","Deionized Water, Octyl methoxycinnamate, Microfine Titanium Dioxide, Avobenzone, Superfine Zinc Oxide, Glycerin, Aloe Vera, Benzophenone 3, Stearic Acid, Polawax, Disodium EDTA, GMS SE, Cetyl Alcohol, Propylene Glycol, Phenoxyethanol, Triethanolamine.",dry,930,Neophar Skin Sciences website,https://neopharskinsciences.com/products/neobrella-spf-60-sunblock-cream?gad_source=1&gad_campaignid=22858518427&gbraid=0AAAAAo3YgNJEEz9EWHWOFVLVJFwXL56kr&gclid=CjwKCAjwjtTNBhB0EiwAuswYhqZ68LJE0TReDvAHxmdlF5fX_hwW4yDx4FUF6iEhUYAzP5aeQmYhrBoCRyQQAvD_BwE,non greasy,https://neopharskinsciences.com/cdn/shop/files/NewNeobrella03_bb999748-3c6c-460a-aba4-8a08f9b7e860.jpg?v=1761828502
Daily moisture therapy UV sun lotion SPF 50+,Physiogel,sunscreen,normal_skin,"Niacinamide, UV Filters (SPF 50+), Adenosine, Panthenol, Squalane, Ceramide NP, Glycerin","Water, Ethylhexyl Methoxycinnamate, Isododecane, Butylene Glycol, Octocrylene, Ethylhexyl Salicylate, Alcohol Denat, Cyclopentasiloxane, Glycerin, C12-25 Alkyl Benzoate, Phenylbenzimidazole Sulfonic Acid, Diethylamino Hydroxybenzoyl Hexyl Benzoate, Niacinamide, Caprylic/Capric Triglyceride, Tromethamine, 1,2-Hexanediol, Bis-Ethylhexyloxyphenol Methoxyphenyl Triazine, Methyl Methacrylate Crosspolymer, Panthenol, Polyglyceryl-6 Polyricinoleate, Sorbitan Sesquioleate, Myristica Fragrans (Nutmeg) Extract, Adenosine, Acetamide MEA, Vetiveria Zizanoides Root Oil, Trisodium EDTA, Palmitamide MEA, Sarcosine, Squalane, Piper Nigrum (Pepper) Fruit Oil, Zingiber Officinale (Ginger) Root Oil, Cinnamomum Cassia Leaf Oil, Ceramide NP, Hydrogenated Lecithin, Rosa Damascena Flower Oil",all,6500,Physiogel Website,https://physiogelpakistan.com/products/daily-moisture-therapy-uv-sun-lotion?srsltid=AfmBOoqiPUX20rBbS11Ds-2bMWKX_SFsA1hWbMzkc56iLbKUgfm5X2Yj,mild hyperallergenic sunscreen,https://physiogelpakistan.com/cdn/shop/files/SunLotion-3_1024x1024.jpg?v=1747224544
Red soothing UV sunscreen SPF 50+,Physiogel,sunscreen,normal_skin,"SPF 50+, ceramide 3, squalane, shea butter, panthenol","Water, Octinoxate, Ethylhexyl Salicylate, C12-15 Alkyl Benzoate, Cyclopentasiloxane, Dipropylene Glycol, Phenylbenzimidazole Sulfonic Acid, Potassium Cetyl Phosphate, Titanium Dioxide, Glycerin, Cetearyl Alcohol, Cetyl Ethylhexanoate, Hydrogenated Polyisobutene, Tromethamine, Bisethylhexyloxyphenol Methoxyphenyl Triazine, 1,2 Hexanediol, Diethylamino Hydroxybenzoyl Hexyl Benzoate, Panthenol, Inulin Lauryl Carbamate, Glyceryl Caprylate, Glyceryl Stearate, Polymethyl Methacrylate, Aluminum Stearate, Magnesium Aluminum Silicate, Polyhydroxystearic Acid, Cetearyl Olivate, Sorbitan Olivate, Alumina, Xanthan Gum, Acrylates, C10-30 Alkyl Acrylate Crosspolymer, Palmitamide Mea, Sodium Acrylate, Sodium Acryloyldimethyl Taurate Copolymer, Acetamide Mea, Vetiveria Zizanoides Root Oil, Trisodium Edta, Sarcosine, Isohexadecane, Piper Nigrum Fruit Oil, Zingiber Officinale Root Oil, Caprylic, Capric Triglyceride, Cinnamomum Cassia Leaf Oil, Arachidyl Alcohol, Rosa Damascena Flower Oil, Squalane, Shea Butter, Behenyl Alcohol, Arachidyl Glucoside, Hydrogenated Lecithin, Ceramide 3, Cholesterol, Stearic Acid, Carbomer, Glucose",dry,3350,Physiogel Website,https://physiogelpakistan.com/products/physiogel-red-soothing-ai-sensitive-uv-sunscreen?srsltid=AfmBOoqt9FehkfJwHZFoXF61RcsvflJL1HoHW5DMzTs6cCxR3ataJiWc,non greasy,https://cdn.shopify.com/s/files/1/0666/5332/3487/files/WhatsApp_Image_2025-05-06_at_1.22.46_PM_1.jpg?v=1746522695
Skin aqua clear white SPF-50,Skin Aqua,sunscreen,normal_skin,"SPF 50+ UV Filters, Vitamin C, Collagen, Amino Acids, Hyaluronic Acid","Ethylhexyl Methoxycinnamate, Zinc Oxide, Bis-Ethylhexyloxyphenol Methoxyphenyl Triazine",all,2000,Naheed/daraz/dvago,https://www.dvago.pk/p/skin-aqua-clear-white-spf50?srsltid=AfmBOooBP9w-HLAYQJAxwp2CQR-3uknr5xJB06fop96-gfymI63W5QVz,,https://www.medishop.pk/cdn/shop/products/Skin-Aqua-clear-white-SPF50_-PA_-Sunblock-skincare-protection-Atco-health-care-sunplay_800x.jpg?v=1681815058
Invisible Shield with centella SPF 50 PA++++,Accufix Cosmetics,sunscreen,normal_skin,"Centella Asiatica, Peach Extract, Niacinamide (B3), Panthenol (B5), Glycerin","Aqua, Glycerin, Propylene Glycol, Butylene Glycol, C12-15 Alkyl Benzoate, Octocrylene, Octisalate, Bis-Ethylhexyloxyphenol Methoxyphenyl Triazine, Diethylamino Hydroxybenzoyl Hexyl Benzoate, Silica, Dimethicone, Dimethiconol, Cetearyl Alcohol, Ceteareth-20, Carbomer, Acrylates/C10-30 Alkyl Acrylate Crosspolymer, Prunus Persica (Peach) Fruit Extract, Centella Asiatica Leaf Extract, D-Panthenol, Niacinamide, Titanium Dioxide, Aluminium Stearate, Alumina, Ethylhexylglycerin, Phenoxyethanol, Triethanolamine",dry,2495,AccufixCosmetics website,https://accufixcosmetics.com/products/invisible-shield-with-centella-spf?srsltid=AfmBOoqjL8BWPvXwMqiV_a16OBrwW_lgq2bwMTvq7DthCmcuGqBjDBy4,Pregnancy safe,https://accufixcosmetics.com/cdn/shop/files/SPF_Centella.jpg?v=1744289068&width=1024
Sunslay Sunscreen Fluid SPF 50+++,Nirvana Botanics,sunscreen,normal_skin,"Titanium Dioxide, Zinc Oxide, Aloe Vera, Shea Butter, Coconut Oil, Safflower Oil, Sunflower Oil, Lavender Oil, Glycerin, Vitamin E","Titanium Dioxide, Zinc Oxide, Aloe Barbadensis Leaf Juice*, Aluminum Hydroxide, Butyrospermum Parkii (Shea Butter)*, Caprylhydroxamic Acid, Caprylic/Capric Triglyceride (Coconut Oil), Carthamus Tinctorius (Safflower) Seed Oil, Glycerin, Glyceryl Caprylate, Glyceryl Stearate Citrate, Helianthus Annuus (Sunflower) Seed Oil*, Lavandula Angustifolia (Lavender) Oil*, Polyhydroxystearic Acid, Sorbitan Oleate, Tocopherol (Vitamin E), Water. *Organic",all,1350,Nirvana Botanics website,https://www.nirvanabotanics.com/products/sunscreen-lotion-light-moisture-uv-defence?_pos=1&_sid=07d51e5a9&_ss=r,non greasy,https://www.nirvanabotanics.com/cdn/shop/files/SunSlay_04_1024x1024.jpg?v=1746610173
Conatural Aloe Vera Gel,Conatural,moisturiser,"acne,redness,normal_skin","aloe vera, cucumber extract, allantoin, panthenol",Aloe Barbadensis Leaf Juice | Cucumber Extract | Glycerin | Carbomer | Triethanolamine | Panthenol | Allantoin | Phenoxyethanol | Ethylhexylglycerin,all,1440,Conatural website,https://conaturalintl.com/products/organic-aloe-vera-gel?_pos=1&_sid=0ade938e0&_ss=r,"lightweight gel, soothing, fragrance-free",https://conaturalintl.com/cdn/shop/files/aloe_vera_gel_grande.jpg?v=1757395359
Feather light moisturizer,Possible skin,moisturiser,normal_skin,"Ceramides, Panthenol","Aqua, Glycerin, Sodium Polyacrylate, Allantoin, Sodium Hyalurenate, sodium PCA, Aloe Juice, Ceramides Complex, Panthenol, Dimethiconol, Cetearyl Alcohol, Palmitoyl Tripeptide-1, Arginine, Cetearath-20, Polysorbate-20, Ethylhexylglycerin.",all,1480,Possible skin website,https://buipossible.com/products/feather-light-moisturizer,lightweight,https://buipossible.com/cdn/shop/files/IMG_3375.jpg?v=1772086396
Hydrating Moisturizer,klean beauty,moisturiser,normal_skin,"Hyaluronic Acid, Peptides","Aqua (Deionized Water), Glycerol, Propylene Glycol Dipropionate, Caprylic/Capric Glycerides, Cetyl Alcohol, Stearyl Citrate, Cyclomethicone, Ceramide NP, Sodium Hyaluronate, Tocopheryl Acetate, Aloe Barbadensis Leaf Extract, Titanium Dioxide (Coated with Alumina and Silica), Diethylhexyl Methoxycinnamate, Cetearyl Glucoside, Cetearyl Phosphate, Sodium Carbomer, Trisodium Citrate, Phenethyl Alcohol, Caprylhydroxamic Acid, Tetrasodium Glutamate Diacetate.","dry,combination",900,Kleanbeauty Website,https://kleanbeauty.co/products/hydrating-moisturizer?gad_source=1&gad_campaignid=22064025995&gbraid=0AAAAAobVbubKjPzqa6WB5_GGNfOQr8fFP&gclid=CjwKCAjwjtTNBhB0EiwAuswYhsl5Mq6UQcXpYABuRPEAgJPzx8k93rFFzk9_RptLClhJSN9nRpVw0BoCsrAQAvD_BwE,"lightweight, has built-in SPF actives",https://kleanbeauty.co/cdn/shop/files/klean_products_3_9b907ecc-76a2-48bf-8374-be8a3aebc43c.jpg?v=1758632043&width=416
Dermive Oil-Free Moisturizer,Jenpharm,moisturiser,normal_skin,"Hyaluronic Acid, Ceramides, Glycerin, ","Deionized Water, Disodium EDTA, Glycerin, Propylene Glycol, Carbomer, Ceteareth-20, C12-15 Alkyl Benzoate, Glyceryl Stearate (and) PEG-100 Stearate, Stearic Acid, Hexadecan-1-ol, Caprylic/ Capric Triglyceride, Cyclomethicone, Wheat Germ Oil (As Contained Natural Vitamin E), Ceramides, Sodium Hyaluronate (Salt of Hyaluronic Acid), Microfine Titanium Dioxide, Octinoxate, Aloe Vera Extract, Triethanolamine, Phenoxyethanol, Caprylyl Glycol, Fragrance.","oily,combination,normal",1098,Jenpharm Website,https://jenpharm.com/collections/all/products/dermive-oil-free?gad_source=1&gad_campaignid=19937960820&gbraid=0AAAAAB7NtIOX26nfftXlKA0pMPXBWgDxE&gclid=CjwKCAjwjtTNBhB0EiwAuswYht2HPXTOftPyZgy55nN5F2W3DF97rd-D1krNqO_rp8AEdPmyUtI1JhoCo9oQAvD_BwE&variant=46770752946474,"Hydrates and soothes skin, lightweight and non-sticky, contains ceramides and hyaluronic acid, protects against UV, plumps skin, suitable for normal, oily, and combination skin.",https://jenpharm.com/cdn/shop/files/1_8.jpg?v=1767271488
Dermive Oily,Jenpharm,moisturiser,redness,"Hyaluronic Acid, Ceramides, Glycerin, White soft paraffin","Deionized Water, Disodium EDTA, Glycerin, Propylene Glycol, Carbomer, Ceteareth-20, C12-15 Alkyl Benzoate, Glycerol Monostearate, PEG-100 Stearate, Stearic Acid, Hexadecan-1-ol, White Soft Paraffin, Light Liquid Paraffin, Caprylic/ Capric Triglyceride, Cyclomethicone, Ceramides, Sodium Hyaluronate (Salt of Hyaluronic Acid), Microfine Titanium Dioxide, Octinoxate, Aloe Vera Extract, Triethanolamine, Phenoxyethanol, Caprylyl Glycol, Fragrance.","dry,combination",1098,Jenpharm Website,https://jenpharm.com/products/dermive-oily-moisturizer?srsltid=AfmBOooIC1RoadixgQkEgubgkNMhFU_5bnC8SrBGyeFIVZr5Esn74tgI&variant=46770883592490,"Deeply hydrates, soothes dry or itchy skin, prevents water loss, contains Hyaluronic Acid, Ceramides, fatty oils, plumps skin, suitable for dry and combination skin.",https://jenpharm.com/cdn/shop/files/1_14.jpg?v=1767271538
Ceramide Supercream (for dry skin),klean beauty,moisturiser,"normal_skin,redness","Ceramides, Vitamins","Ceramide 3, DI-Water, Glycerin, Panthenol, Distearyldimonium Chloride, Petrolatum, Isopropyl Palmitate, Centella Asiatica Extract, 1 Hexadecanol, Dimethicone, Kernel Oat Oil, Citric Acid, Tocopherol, Camellia Sinensis Leaf Extract, Broussonetia Kazinoki Root Extract, Ergosterol, Galactoarabina, Potassium Sorbate, Phenoxyethanol, Caprylyl Glycol","dry,sensitive",1699,Kleanbeauty Website,https://kleanbeauty.co/products/ceramide-supercream?srsltid=AfmBOorSC6GQfQQr2vJP_wKNewwZUTqSHM-UM0d2rekzdpVqfARGz3UF,"Hydrates skin, repairs and strengthens barrier, soothes redness, contains ceramides, lightweight yet rich, fragrance-free, suitable for all skin types.",https://highfy.pk/cdn/shop/files/CERAMIDESUPERCREAM_6.webp?v=1726826180&width=1200
Cerapair barrier repair moisturiser,primary skin,moisturiser,redness,"Ceramides, Vitamins, Sodium PCA, Oils","Aqua (Water), Glycerin, Butyrospermum Parkii (Shea) Butter, PEG 100 Stearate, Glyceryl Monostearate, Caprylic/Capric Triglyceride, Cetyl Alcohol, Simmondsia Chinensis (Jojoba) Seed Oil, Argania Spinosa Kernel Oil, Niacinamide, Sodium PCA, Phenoxyethanol, Tocopherol, Panthenol, Ceramide 3, Ceramide 6 II, Ceramide 1, Allantoin",all,2200,Primary Website,https://primaryskin.co/products/cerapair-barrier-repair-moisturiser,"Local, Cult favorite for barrier repair",https://primaryskin.co/cdn/shop/files/IMG_2609.jpg?v=1728202528&width=4000
Glass skin moisturizer,Organiclab,moisturiser,normal_skin,"Hyaluronic Acid, Ceramides, Polyglutamic Acid","Aqua (Water), Glyceryl Stearate, Propylene Glycol, Glycerine, Cetyl Alcohol, Vitamin B5, C12-15 Alkyl Benzoate, Caprylic/Capric Triglyceride, Cellulose Gum, Aloe Barbadensis, Polyglutamic Acid, Hyaluronic Acid, Ceramide AP, Ceramide NP, Ceramide EOP, Vitamin E acetate, Phenoxyethanol, Ethylhexylglycerin, Disodium EDTA, Sodium Hydroxide, Sodium Citrate, Citric Acid, Triethanolamine.",all,1900,Organic Lab Website,https://organiclabpk.com/products/hyaluronic-acid-moisturiser-pakistan-2?srsltid=AfmBOoqhAktq9VnRSURfLb-A-Xw6MZsFL1rhcBxsLHJfWt-I93sYiUSK,"lightweight, non-greasy, barrier repair, deeply hydrating",https://organiclabpk.com/cdn/shop/files/new-18_1.webp?v=1760104663&width=1946
Rapid Repair: Skin Repairing Moisturiser,Organic Traveller,moisturiser,acne,", Niacinamide (Vitamin B3)","Water (Aqua), Propylene Glycol, Ethoxydiglycol, Niacinamide, Rosa Mosqueta (Rose) Hip Oil, Panthenol, Glycerin , Ceramide NP, Ceramide AP, Sodium Hyaluronate, Sodium Lauroyl Lactylate, Carbomer, Xanthan Gum, , Methylparaben","oily,combination",1350,Organic Traveller Website,https://organictraveller.store/products/rapid-repair-moisturiser?srsltid=AfmBOooCs5P3h7KVSSvrMjbO4iPHh6nK_5orwG62F0li-7aTCbD9MRpg,"Repairs skin barrier, fights acne, reduces pores, fades hyperpigmentation, suitable for all seasons.",https://organictraveller.store/cdn/shop/files/Artboard_6_a8954e47-7165-449e-b194-c538a807b8d7.png?v=1773216506&width=1200
Hydra whip moisturizing cream,zoush beauty,moisturiser,normal_skin,"Water, Hyaluronic Acid, Vitamin E, Glycerin, Beeswax, Petrolatum, Caprylic/Capric Triglyceride, Cetearyl Alcohol, Chamomile Extract","Aqua, Cetearyl Alcohol, Paraffinum Liquidum, Glycerine, Natural Bees wax, Petrolatum, Ceteareth-20, Propylene Glycol, Sodium Hyaluronate, Tocopheryl Acetate(Vit-E), Capric/Caprylic Triglyceride, Cyclopentasiloxane, Isopropyl Myristate, Ethylhexyl Methoxycinnamate, Chamomile Extracts, EDTA, Preservative.",all,2200,Zoush Website,https://zoushbeauty.com/products/hyaluronic-vitamin-e-moisturizing-cream?srsltid=AfmBOopHV--TVRZY-CXdIFRmAnYWtxQ04zrxU5zySVhgHgOo2noGzTGa,"Hydrates and nourishes skin, locks moisture, restores skin barrier, plumps and balances, reduces signs of aging, contains hyaluronic acid and Vitamin E, suitable for all skin types.",https://zoushbeauty.com/cdn/shop/files/HydraWipFInal1.jpg?v=1727559437&width=1200
Cetamoist moisturizing oily-free lotion,CetaMoist,moisturiser,normal_skin,Glycerin,"Hyalurnic acid argan ext macademia shea butter paraffin oil, silicone cross polymer cetearyl alcohol dimethicone stearic acid EDTA Aqua propylena glycol, glycerin",oily,1000,MediShop Website,https://www.medishop.pk/products/cetamoist-moisturizing-oily-free-lotion?srsltid=AfmBOor5EbUCd49RccYecPX9szvm0O7EMZ3BoMmWZlM3x1RoNbm6G80f,"provides long lasting hydration, strengthens skin barrier",https://www.medishop.pk/cdn/shop/files/Cetamoist-Moisturizing-Oily-free-Lotion_800x.jpg?v=1741254770
Crème B3-B5-E | 4% Niacinamide Cream,Accufix Cosmetics,moisturiser,"hyperpigmentation,dark_spots,redness,acne,normal_skin","niacinamide 4%, panthenol, vitamin E","Aqua, Glycerin, Niacinamide, Paraffinum Liquidum, Cetearyl Alcohol, Ceteareth-20, Dimethicone, Panthenol, Polyoxypropylene-15-Stearyl Ether, Tocopherol, Propylene Glycol, Xanthan Gum, Carbomer, Lactic Acid, Ethylhexylglycerin, Phenoxyethanol",all,1395,Accufix Website,https://accufixcosmetics.com/products/niacinamide-cream?srsltid=AfmBOopHAiUQtURS266d5fVsZfNRa8ral8Z02vO2K4uTMs9TZuFyS-wX,"non-comedogenic, lightweight, morning and night use",https://accufixcosmetics.com/cdn/shop/files/creme_b3_main_image_copy.jpg?v=1763020276&width=320
Hydra by ELIXIR,ELIXIR Skincare,moisturiser,"hyperpigmentation,dark_spots,melasma,redness,normal_skin,acne","hyaluronic acid, vitamin C (3-O-Ethyl Ascorbic Acid), kojic acid, alpha arbutin, centella asiatica, mulberry extract","Hyaluronic Acid, 3-O-Ethyl Ascorbic Acid, Kojic Acid, Centella Asiatica Extract, Alpha Arbutin, Morus Alba Bark Extract, Fruit Extracts, Broussonetia Kazinoki Root Extract, Tocopherol, Sodium Hyaluronate, Carbomer, Propylene Glycol, Glycerin, Cetyl Palmitate, Stearic Acid, Glyceryl Stearate, PEG-100 Stearate, Acrylates/C10-30 Alkyl Acrylate Crosspolymer, C12-15 Alkyl Benzoate, Caprylic/Capric Triglyceride, Dimethicone, Triethanolamine, Galactoarabinan, Phenoxyethanol, Ethylhexylglycerin, Glyceryl Monostearate, Ceteareth-20, Iron Oxide Yellow, Disodium EDTA",all,1699,ELIXIR website,https://theskinelixir.com/products/hydra-by-elixir-dermatologist-approved-lightweight-moisturizer?variant=42393449726014,"dermatologist approved, fragrance free, AM and PM use, designed for Pakistani climate, layer under sunscreen",https://theskinelixir.com/cdn/shop/files/hydra-web-10.jpg?v=1768591086&width=1050
Skin Lightening Serum,Trego,serum,"hyperpigmentation,dark_spots,melasma","alpha arbutin, niacinamide, licorice extract, hyaluronic acid","Deionized Water, Alpha Arbutin, Niacinamide, Licorice Extract, Hyaluronic Acid, Sodium Lactate, Xanthan Gum, Phenoxyethanol, Glycerol",all,1499,Trego website,https://trego.pk/products/skin-lightening-serum?srsltid=AfmBOoqNZI5EkUSti1Qf4HvBRiv2qVC4_4tO4M8Su1oyCaH_jQItZo86,"brightening serum, safe for sensitive skin, daily use",https://trego.pk/cdn/shop/files/niacinamide-serum_765x.progressive.jpg?v=1744132480
Organic Traveller Vitamin C Serum,Organic Traveller,serum,"hyperpigmentation,dark_spots","3-O Ethyl Ascorbic Acid, Hyaluronic Acid, Vitamin E, Glycerin, Propanediol, Water","3-O Ethyl Ascorbic Acid, Hyaluronic acid, Tocopherol Acetate, Glycerol, Propanediol, Phenoxyethanol, Ethyl hexyl glycerine, Water",all,2200,organic traveller website,https://organictraveller.store/collections/all/products/super-c-vitamin-c-serum-1,"Brightens skin, fights free radicals, reduces fine lines and wrinkles, stimulates collagen, hydrates, gentle vitamin C (3-O Ethyl Ascorbic Acid), contains hyaluronic acid and Vitamin E, suitable for all skin types.",https://organictraveller.store/cdn/shop/files/Artboard_7_3.png?v=1773215740&width=1000
Melaklyr (Anti Melasma Serum),Pharma Health,serum,"melasma,dark_spots"," Phenylethyl Resorcinol, Tetrahexyldecyl Ascorbate"," Phenylethyl Resorcinol, Tetrahexyldecyl Ascorbate, Isopropyl Myristate, Ethylhexyl Myristate, Dimethicone, Retinyl Palmitate, Wheat Germ Oil (Natural Vitamin E), and Fragrance.",all,3612,Pharma Health website,https://pharmahealth.com.pk/products/melaklyr-anti-melasma-serum-20ml-with-dropper?srsltid=AfmBOopXqgYAhdtGL6vaj6VGKGdu07RT2uPhTa0Nuo9SqS7wI_gI1Z_B,"Targets melasma, dark spots, blemishes, fine lines, wrinkles, freckles; brightens skin; hydrates; improves clarity; suitable for all skin types.",https://pharmahealth.com.pk/cdn/shop/files/ph44_e7d8a3c7-89db-4fae-85fe-15230c784c55.png?v=1751893753&width=900
Peach TXA Brightening Serum,Nirvana Botanics,serum,"melasma,hyperpigmentation,dark_spots,redness","tranexamic acid, alpha arbutin, niacinamide, licorice extract, centella asiatica","Water (Aqua), Niacinamide, Tranexamic Acid, Alpha-Arbutin, Butylene Glycol, Propanediol, Glycerin, Ascorbyl Glucoside, Glycyrrhiza Glabra (Licorice) Root Extract, Morus Alba (Mulberry) Root Extract, Sodium Hyaluronate, Centella Asiatica Extract, Prunus Persica (Peach) Fruit Extract, Ceramide NP, Palmitoyl Tripeptide-1, Palmitoyl Tetrapeptide-7, Panthenol, Allantoin, Xanthan Gum, Phenoxyethanol, Ethylhexylglycerin, Sodium Citrate, Citric Acid, Sodium Gluconate, Gluconolactone, Calcium Gluconate",all,1950,Nirvana Botanics website,https://www.nirvanabotanics.com/products/peach-txa-serum-brightening?srsltid=AfmBOooDTLRBJyWfVG6--jJiKqGeelKi8AAKOmG5BPq-hR6FmriVGg45,"powerhouse brightening serum, pregnancy-safe alternative to hydroquinone",https://www.nirvanabotanics.com/cdn/shop/files/Peach-TXA-Niacinamide-serum-1.jpg?v=1763644845&width=720
Salicylic Acid Serum,Accufix Cosmetics,serum,"acne,dark_spots","salicylic acid 1.5%, glycolic acid, zinc oxide, panthenol, oat extract, allantoin","Aqua, Capric/Caprylic Triglycerides, Glycolic Acid, Cetylstearyl Alcohol, Ceteareth-20, Dimethicone, Salicylic Acid, Urea, Zinc Oxide, Avena Sativa Kernel Extract, Panthenol, Allantoin, Xanthan Gum, Sodium Benzoate, Phenoxyethanol","oily,combination",2095,Accufix Cosmetics website,https://accufixcosmetics.com/products/salicylic-acid-serum,"fungal acne safe, pregnancy safe, fragrance free",https://accufixcosmetics.com/cdn/shop/articles/Salicylic-Acid-a.k.a.-BHA-The-Complete-Guide-AccuFix-Cosmetics-103959695.webp?v=1732799845
Cica Peptide Recovery Serum,Primary Skin,serum,"redness,acne,hyperpigmentation,dark_spots,normal_skin","niacinamide 5%, centella asiatica, peptides (Matrixyl 3000, Argireline), green tea extract, licorice root extract, panthenol, allantoin","Water, Niacinamide, Glycerin, Butylene Glycol, Palmitoyl Tripeptide-1, Palmitoyl Tetrapeptide-7, Acetyl Hexapeptide-8, Centella Asiatica Extract, Polysorbate 20, Green Tea Extract, Liquorice Root Extract, Carbomer, Sodium Benzoate, Phenoxyethanol, Panthenol, Carbopol Ultrez 10, Sodium Hydroxide, Allantoin",all,2700,Primary Skin website,https://primaryskin.co/products/cica-peptide-recovery-serum,"barrier repair, daily use day and night, lightweight",https://primaryskin.co/cdn/shop/files/serum1.jpg?v=1710932546&width=1000
Azelaic 10 Perfecting Serum,Primary Skin,serum,"acne,redness,hyperpigmentation,dark_spots,melasma","azelaic acid 10%, niacinamide 2%, centella asiatica, hyaluronic acid, willow bark extract","Water (Aqua), Azelaic Acid, Propanediol, Centella Asiatica Leaf Extract, Niacinamide, Sodium Hydroxide, Polysorbate 20, Glycerin, Phenoxyethanol, Ethylhexylglycerin, Salix Alba Bark Extract, Saccharomyces Ferment Filtrate, Sodium Hyaluronate, Panthenol, Allantoin",all,2400,Primary Skin website,https://primaryskin.co/collections/serum/products/azelaic-10-perfecting-serum,"introduce slowly 2x per week, pregnancy safe alternative to hydroquinone",https://primaryskin.co/cdn/shop/files/IMG_1409.jpg?v=1758522122&width=1000
Anti Freckles Serum,Trego,serum,"melasma,hyperpigmentation,dark_spots","kojic acid, niacinamide, retinol, carrot seed oil, aloe vera, allantoin","Aqua, Kojic Acid, Niacinamide, Carrot Seed Oil, Aloe Vera Leaf, Retinol, Caprylic/Capric Triglyceride, Allantoin, Phenoxyethanol, Butylene Glycol, Triethanolamine",all,1449,Trego website,https://trego.pk/products/anti-freckles-serum,"night use recommended due to retinol, must use SPF in AM, avoid during pregnancy",https://trego.pk/cdn/shop/files/melasma-treatment_784x.progressive.jpg?v=1738840951
Vitamin C Serum,Trego,serum,"hyperpigmentation,dark_spots,melasma,normal_skin","ethyl ascorbic acid 10%, niacinamide, hyaluronic acid","Deionized Water, Ethyl Ascorbic Acid, Vitamin B3, Hyaluronic Acid, Niacinamide, Propylene Glycol, Glycerin",all,1499,Trego website,https://trego.pk/products/vitamin-c-serum,"morning use, apply before moisturizer, must use SPF after, stable vitamin C formula",https://trego.pk/cdn/shop/files/vitamin-c-serum_478x.progressive.png.jpg?v=1756159194
Anti-Aging Serum,Trego,serum,"hyperpigmentation,dark_spots,acne,normal_skin","retinol 1%, niacinamide, vitamin E, avocado oil, chamomile extract","Deionized Water, Vitamin E, Niacinamide, Cetearyl Alcohol, Triethyl Citrate, Retinol, Avocado Oil, Chamomile Extracts, Polysorbate 20, Dicaprylyl Carbonate, Phenoxyethanol, Sodium Benzoate, Limonene, Sodium Hydroxide",all,1800,Trego website,https://trego.pk/products/anti-aging-serum,"night use only, start 3x per week, avoid during pregnancy, must use SPF in AM, spot test first",https://trego.pk/cdn/shop/files/Retinol-Image_478x.progressive.jpg?v=1748610518
Azelaic Acid Serum,Accufix Cosmetics,serum,"acne,redness,hyperpigmentation,dark_spots,melasma","potassium azeloyl diglycinate 10% (PAD), panthenol, hyaluronic acid, allantoin, cogon grass extract","Aqua, Potassium Azeloyl Diglycinate, Zinc PCA, Panthenol, Imperata Cylindrica Root Extract, Maltodextrin, Glycerin, PEG-8, Carbomer, Allantoin, Sodium Hyaluronate, Ethylhexylglycerin, Phenoxyethanol",all,3495,Accufix Cosmetics website,https://accufixcosmetics.com/collections/face-serums-treatments/products/azelaic-acid-serum,"fungal acne safe, pregnancy safe, fragrance free, start once daily evening then build up, gentler than Skinoren",https://accufixcosmetics.com/cdn/shop/files/Azelaic_acid.jpg?v=1757913585&width=320
The Glass Skin Refiner,Accufix Cosmetics,serum,"acne,dark_spots,hyperpigmentation,redness","LHA (capryloyl salicylic acid), PAD (azelaic acid derivative), niacinamide, licorice extract, green tea extract, panthenol","Aqua, Glycerin, Potassium Azeloyl Diglycinate, Capryloyl Salicylic Acid, Sophora Angustifolia Root Extract, Niacinamide, D-Panthenol, Camellia Sinensis Leaf Extract, Potassium Sorbate, Sodium Benzoate, Glycyrrhiza Glabra Licorice Root Extract, Carbomer, Ethylhexylglycerin, Phenoxyethanol, Xylitylglucoside, Anhydroxylitol, Xylitol","oily,combination,sensitive",3995,Accufix Cosmetics website,https://accufixcosmetics.com/collections/face-serums-treatments/products/best-serum-for-glass-skin,"night use, start 3-4x per week for sensitive skin then build to daily, no purging risk, must use SPF in AM, non-comedogenic",https://accufixcosmetics.com/cdn/shop/files/preview_images/138a23ce0d6242e78ae8f2e3d68d0658.thumbnail.0000000000_1024x.jpg?v=1769146892
Trego Repairing Toner,Trego,toner,"acne,redness","salicylic acid 2%, niacinamide","Deionized Water, Witch Hazel, Tea Tree Oil, Aloe Vera, Salicylic Acid Sodium lactate, Glycerin, Niacinamide, Propylene Glycol, Phenoxyethanol, Sodium Benzoate, Glycolic Acid, Allantoin, PEG-40 Hydrogenated Castor Oil","oily,combination",1499,Trego website,https://trego.pk/products/salicylic-acid,"blackhead and whitehead treatment, oil control",https://trego.pk/cdn/shop/files/salicylic-acid_765x.progressive.jpg?v=1738827566
Glow Toner,Primary Skin,toner,"dark_spots,hyperpigmentation,melasma,acne","glycolic acid 3%, rice bran extract, aloe vera, calendula extract, hyaluronic acid","Water (Aqua), Butylene Glycol, Glycerin, Rice Bran Extract, Calendula Extract, Glycolic Acid, Aloe Vera Extract, Polysorbate 20, Sodium Hyaluronate, Panthenol, Potassium Sorbate, Sodium Benzoate, Sodium Hydroxide","oily,combination,normal",2300,Primary Skin website,https://primaryskin.co/products/glow-toner,"use 2-4x per week, start once a week for beginners, must use SPF in AM, avoid sensitive skin",https://primaryskin.co/cdn/shop/files/938B4295-313B-4C1F-8796-00E5ED959F84.jpg?v=1721836538&width=1000
7% Skin Brightening and Lightening Toner,Trego,toner,"dark_spots,hyperpigmentation,melasma,acne","glycolic acid 7%, chamomile extract, aloe vera, rose water, sodium lactate","Aqua, Glycolic Acid, Fruit Acid, Chamomile Extract, Rosa Damascena Flowers Water, Aloe Barbadensis Leaf Water, Centaurea Cyanus Flower Water, Sodium Lactate, Sodium Benzoate, Glycerol, Propanediol","oily,combination",1400,Trego website,https://trego.pk/products/7-skin-brightening-and-lightening-toner,"night use only, face 2-3x per week, body 3x per week, must use SPF in AM, avoid sensitive skin",https://trego.pk/cdn/shop/files/4_e492c80e-739d-4991-83d3-0768bb8e6ee0_765x.progressive.jpg?v=1752144333
Skin Brightening & Lightening Toner,Trego,toner,"dark_spots,hyperpigmentation,melasma,acne","glycolic acid 5%, tartaric acid","Aqua, GAT Glycolic Acid, Tartaric Acid, Chamomile ext, Rosa Damascena Flowers Water, Aloe Barbadensis Leaf Water, Centaurea Cyanus Flower Water, Sodium Lactate, Sodium Benzoate, Glycerol and Propanediol",all,1229,Trego website,https://trego.pk/products/skin-brightening-and-lightening-toner,"night use only, face 3x per week, body 4x per week, must use SPF in AM, face and body use",https://trego.pk/cdn/shop/files/Glycolic-Acid_765x.progressive.jpg?v=1744052292
Clarifying and Hydrating Toner,Trego,toner,"dark_spots,hyperpigmentation,normal_skin","lactic acid 5%, niacinamide, vitamin E, panthenol, chamomile extract","Aqua, Lactic Acid 5%, Vitamin E, Chamomile Extract, Almond Solution, Glycerol, Phenoxyethanol, Panthenol, Niacinamide, Sodium Lactate",all,1229,Trego website,https://trego.pk/products/clarifying-and-hydrating-toner,"pregnancy safe, night use, face 3-4x per week, gentler than glycolic acid options",https://trego.pk/cdn/shop/files/A_4_793x.progressive.jpg?v=1702452214
Rice Milk Toner,Trego,toner,"dark_spots,hyperpigmentation,redness,normal_skin","rice milk, niacinamide, lactic acid, vitamin E, rose water","Aqua, Rose Water, Rice Milk, Tocopherols, Vitamin E, Leucidal ST Complete, Glycerol, Niacinamide, Lactic Acid",all,1200,Trego website,https://trego.pk/products/rice-milk-toner,"lightweight, pore tightening, use before serum and moisturizer",https://trego.pk/cdn/shop/files/image00003_595x.progressive.jpg?v=1725461005
Oat and Glycolic Acid Gel Toner,Accufix Cosmetics,toner,"dark_spots,hyperpigmentation,acne,redness,normal_skin","glycolic acid, lactic acid 7% AHA complex, oat extract, panthenol, glycerin","Aqua, Carbomer, Sodium Benzoate, Glycolic Acid, Lactic Acid, Glycerin, D-Panthenol, Avena Sativa Oat Kernel Extract, Phenoxyethanol, Sodium Hydroxide, Disodium EDTA",all,2295,Accufix Cosmetics website,https://accufixcosmetics.com/collections/face-serums-treatments/products/glycolic-acid-toner,"fungal acne safe, pregnancy safe, face body and scalp use, start 1-2x per week, must use SPF in AM, gel texture",https://accufixcosmetics.com/cdn/shop/files/Toner.jpg?v=1766751531&width=1024
SafriDerm Skin Brightening Cream,Safrin Skin Care,treatment,"melasma,hyperpigmentation,dark_spots,acne","vitamin C (MAP), alpha arbutin, licorice extract, kojic acid dipalmitate","Alpha Arbutin, Licorice Extract, Kojic Acid Dipalmitate, Vitamin C, Hexapeptide, Hyaluronic Acid, and Allantoin","dry,normal",1060,Safrin Skincare,https://safrinskincare.com.pk/products/safriderm-skin-brightening-cream?srsltid=AfmBOop2GZShpotl7LvUfxaaz98iZLBDFH2LernoOdOOLobh13IrQ3fZ,"night use only, mercury and steroid free, results in 6-8 weeks",https://safrinskincare.com.pk/cdn/shop/files/Safriderm2-1.webp?v=1770142796&width=990
Salicylic Acid Cream,Accufix Cosmetics,treatment,"acne,dark_spots","salicylic acid 2%, glycolic acid, zinc oxide, jojoba oil, grapeseed oil, panthenol","Aqua, Capric/Caprylic Triglycerides, Vitis Vinifera Seed Oil, Salicylic Acid, Zinc Oxide, Simmondsia Chinensis Seed Oil, Helianthus Annuus Seed Oil, Stearic Acid, Peg-20 Stearate, Cetearyl Alcohol, Isopropyl Myristate, Panthenol, Glycolic Acid, Glycerol, Xanthan Gum, Sodium Benzoate, Phenoxyethanol",all,2195,Accufix Cosmetics website,https://accufixcosmetics.com/collections/face-serums-treatments/products/salicylic-acid-cream,"night use only, start 2-3x per week, pregnancy safe, NOT fungal acne safe, do not use same day as other exfoliants",https://accufixcosmetics.com/cdn/shop/files/SA_Cream.jpg?v=1744289011&width=1024
Hydrocolloid Pimple Patches - Regular,Accufix Cosmetics,treatment,acne,Hydrocolloid Material,Hydrocolloid Material,all,1400,Accufix Cosmetics website,https://accufixcosmetics.com/products/hydrocolloid-pimple-patches,"wear 6-8 hours or overnight, invisible under makeup, NOT for cystic or deep acne, mild acne only",https://accufixcosmetics.com/cdn/shop/files/FullSizeRender_6_3.heic?v=1771496069&width=320
Hydrocolloid Pimple Patches - Salicylic Acid,Accufix Cosmetics,treatment,acne,"hydrocolloid material, salicylic acid","hydrocolloid material, salicylic acid",all,1400,Accufix Cosmetics website,https://accufixcosmetics.com/collections/face-serums-treatments/products/pimple-patches,"wear 6-8 hours or overnight, for stubborn pimples, NOT for cystic or broken skin, do not use on unbroken skin",https://accufixcosmetics.com/cdn/shop/files/FullSizeRender_6_3.heic?v=1771496069&width=320
Skinoren Cream,Bayer,treatment,"acne,dark_spots,hyperpigmentation",azelaic acid 20%,"Azelaic Acid 20%, Benzoic Acid, Propylene Glycol, Cetearyl Octanoate, Glycerin, Cutina CBS, Arlatone 983S, Cetostearyl Alcohol, Purified Water",all,756,"pharmacy, DVAGO, daraz, Naheed online store, One Health Pakistan website",https://onehealth.pk/products/skinoren-cream,"apply twice daily morning and night, consult doctor if pregnant, may cause burning or stinging initially, no prescription needed, affordable medical grade option",https://onehealth.pk/cdn/shop/files/Skinoren_Cream_10g_800x.jpg?v=1744182924
Calamine Lotion,Bliss Industries,treatment,"redness,acne","calamine, zinc oxide","calamine, zinc oxide",all,95,"pharmacy, DVAGO, Daraz",https://www.dvago.pk/p/calamin-lotion-1s,"apply 3-4 times daily, shake before use, external use only, no prescription needed",https://www.dvago.pk/_next/image?url=https%3A%2F%2Fdvago-assets.s3.ap-southeast-1.amazonaws.com%2Fdvago-products-images%2Fcalamin-lotion-1s.webp&w=1280&q=50
Kojic Acid Glutathione Skin Brightening Cream,Accufix Cosmetics,treatment,"melasma,dark_spots,hyperpigmentation","kojic acid, glutathione, niacinamide","Allantoin, Glutathione, Niacinamide, Kojic Acid Dipalmitate, Aqua, Glycerin, Ppg-15 Stearyl Ether, Dimethicone, Dimethiconol, Stearic Acid, Paraffinum Liquidum, Isopropyl Myristate, Cetearyl Alcohol, Ceteareth-20, Dimethyl Isosorbide, Cyclopentasiloxane, Propylene Glycol, Xanthan Gum, Carbomer, Zinc Oxide, Tocopherol, Ethylhexylglycerin, Phenoxyethanol, Triethanolamine",all,2495,Accufix Cosmetics website,https://accufixcosmetics.com/products/kojic-acid-glutathione-skin-brightening-cream?tw_source=google&tw_adid=&tw_campaign=22018021326&tw_kwdid=&gad_source=1&gad_campaignid=22018039176&gbraid=0AAAAACxowceo89kP3SuQBZj52J111e6ew&gclid=Cj0KCQjwp7jOBhDGARIsABe7C4e7gWjYr9KK2EZqLWqgUtJJHLCINUJexczxJbcNP7LJc-fPhFODUvEaAisBEALw_wcB,"Targets Uneven skin tone, dull skin, pigmentation, melasma, acne marks, PIH.  Pregnancy safe. Not suitable for people with fungal acne",https://accufixcosmetics.com/cdn/shop/files/Kojic_Acid_b2016f75-e562-4d16-bbe9-52309f44f559.jpg?v=1744288908&width=1024
